"filename", "language", "C#", "UnityShader", "JSON", "comment", "blank", "total"
"c:\Users\15086\EntryJam2025\Assets\Background Distortioner Package\Scripts\ConfigureBackground.cs", "C#", 236, 0, 0, 25, 56, 317
"c:\Users\15086\EntryJam2025\Assets\Background Distortioner Package\Scripts\StringInListDrawer.cs", "C#", 55, 0, 0, 1, 6, 62
"c:\Users\15086\EntryJam2025\Assets\Background Distortioner Package\Shaders\BackgroundShader.shader", "UnityShader", 0, 142, 0, 0, 27, 169
"c:\Users\15086\EntryJam2025\Assets\Scripts\Battle\BattleManager.cs", "C#", 246, 0, 0, 33, 72, 351
"c:\Users\15086\EntryJam2025\Assets\Scripts\Battle\BattleUIManager.cs", "C#", 265, 0, 0, 14, 46, 325
"c:\Users\15086\EntryJam2025\Assets\Scripts\Battle\Commands\FishCommands\PullCommand.cs", "C#", 30, 0, 0, 0, 7, 37
"c:\Users\15086\EntryJam2025\Assets\Scripts\Battle\Commands\ICommand.cs", "C#", 6, 0, 0, 2, 3, 11
"c:\Users\15086\EntryJam2025\Assets\Scripts\Battle\Commands\ItemCommands\ItemCommand.cs", "C#", 18, 0, 0, 1, 6, 25
"c:\Users\15086\EntryJam2025\Assets\Scripts\Battle\Commands\ItemCommands\WaterBottleCommand.cs", "C#", 19, 0, 0, 1, 6, 26
"c:\Users\15086\EntryJam2025\Assets\Scripts\Battle\Commands\PlayerCommands\HoldSteadyCommand.cs", "C#", 18, 0, 0, 0, 5, 23
"c:\Users\15086\EntryJam2025\Assets\Scripts\Battle\Commands\PlayerCommands\ReelCommand.cs", "C#", 19, 0, 0, 0, 5, 24
"c:\Users\15086\EntryJam2025\Assets\Scripts\Battle\Commands\PlayerCommands\SnapLineCommand.cs", "C#", 17, 0, 0, 3, 8, 28
"c:\Users\15086\EntryJam2025\Assets\Scripts\Battle\Commands\PlayerCommands\Techniques\ITechnique.cs", "C#", 7, 0, 0, 0, 2, 9
"c:\Users\15086\EntryJam2025\Assets\Scripts\Battle\Commands\PlayerCommands\Techniques\SuperReelTechnique.cs", "C#", 20, 0, 0, 0, 4, 24
"c:\Users\15086\EntryJam2025\Assets\Scripts\Battle\Fish\BaseFish.cs", "C#", 55, 0, 0, 3, 12, 70
"c:\Users\15086\EntryJam2025\Assets\Scripts\Battle\Fish\IFish.cs", "C#", 11, 0, 0, 1, 5, 17
"c:\Users\15086\EntryJam2025\Assets\Scripts\Battle\ICombatant.cs", "C#", 11, 0, 0, 0, 4, 15
"c:\Users\15086\EntryJam2025\Assets\Scripts\Battle\Items\IItem.cs", "C#", 7, 0, 0, 0, 1, 8
"c:\Users\15086\EntryJam2025\Assets\Scripts\Battle\Items\WaterBottle.cs", "C#", 12, 0, 0, 0, 3, 15
"c:\Users\15086\EntryJam2025\Assets\Scripts\Battle\Player\BasePlayer.cs", "C#", 103, 0, 0, 3, 17, 123
"c:\Users\15086\EntryJam2025\Assets\Scripts\Battle\Player\IPlayer.cs", "C#", 21, 0, 0, 1, 10, 32
"c:\Users\15086\EntryJam2025\Assets\Scripts\Battle\Strategies\AlwaysPullStrategy.cs", "C#", 11, 0, 0, 0, 5, 16
"c:\Users\15086\EntryJam2025\Assets\Scripts\Battle\Strategies\IStrategy.cs", "C#", 4, 0, 0, 2, 4, 10
"c:\Users\15086\EntryJam2025\Assets\Scripts\Battle\Strategies\RainbowTroutStrategy.cs", "C#", 11, 0, 0, 0, 5, 16
"c:\Users\15086\EntryJam2025\Assets\Scripts\FishBattleTest.cs", "C#", 17, 0, 0, 2, 6, 25
"c:\Users\15086\EntryJam2025\Assets\Scripts\GameManager.cs", "C#", 193, 0, 0, 8, 59, 260
"c:\Users\15086\EntryJam2025\Assets\Scripts\ItemData.cs", "C#", 10, 0, 0, 0, 3, 13
"c:\Users\15086\EntryJam2025\Assets\Scripts\OverworldUIManager.cs", "C#", 202, 0, 0, 7, 34, 243
"c:\Users\15086\EntryJam2025\Assets\Scripts\PlayerMovement.cs", "C#", 29, 0, 0, 2, 8, 39
"c:\Users\15086\EntryJam2025\Assets\Scripts\QuitManager.cs", "C#", 59, 0, 0, 2, 10, 71
"c:\Users\15086\EntryJam2025\Assets\Scripts\SaveData.cs", "C#", 41, 0, 0, 1, 3, 45
"c:\Users\15086\EntryJam2025\Assets\Scripts\SaveManager.cs", "C#", 26, 0, 0, 0, 4, 30
"c:\Users\15086\EntryJam2025\Assets\TextMesh Pro\Shaders\SDFFunctions.hlsl", "UnityShader", 0, 130, 0, 18, 31, 179
"c:\Users\15086\EntryJam2025\Assets\TextMesh Pro\Shaders\TMP_Bitmap-Custom-Atlas.shader", "UnityShader", 0, 113, 0, 2, 31, 146
"c:\Users\15086\EntryJam2025\Assets\TextMesh Pro\Shaders\TMP_Bitmap-Mobile.shader", "UnityShader", 0, 123, 0, 3, 30, 156
"c:\Users\15086\EntryJam2025\Assets\TextMesh Pro\Shaders\TMP_Bitmap.shader", "UnityShader", 0, 113, 0, 2, 31, 146
"c:\Users\15086\EntryJam2025\Assets\TextMesh Pro\Shaders\TMP_SDF Overlay.shader", "UnityShader", 0, 253, 0, 4, 70, 327
"c:\Users\15086\EntryJam2025\Assets\TextMesh Pro\Shaders\TMP_SDF SSD.shader", "UnityShader", 0, 253, 0, 4, 65, 322
"c:\Users\15086\EntryJam2025\Assets\TextMesh Pro\Shaders\TMP_SDF-Mobile Masking.shader", "UnityShader", 0, 198, 0, 10, 51, 259
"c:\Users\15086\EntryJam2025\Assets\TextMesh Pro\Shaders\TMP_SDF-Mobile Overlay.shader", "UnityShader", 0, 193, 0, 8, 52, 253
"c:\Users\15086\EntryJam2025\Assets\TextMesh Pro\Shaders\TMP_SDF-Mobile SSD.shader", "UnityShader", 0, 82, 0, 4, 21, 107
"c:\Users\15086\EntryJam2025\Assets\TextMesh Pro\Shaders\TMP_SDF-Mobile-2-Pass.shader", "UnityShader", 0, 290, 0, 15, 85, 390
"c:\Users\15086\EntryJam2025\Assets\TextMesh Pro\Shaders\TMP_SDF-Mobile.shader", "UnityShader", 0, 192, 0, 8, 51, 251
"c:\Users\15086\EntryJam2025\Assets\TextMesh Pro\Shaders\TMP_SDF-Surface-Mobile.shader", "UnityShader", 0, 104, 0, 8, 28, 140
"c:\Users\15086\EntryJam2025\Assets\TextMesh Pro\Shaders\TMP_SDF-Surface.shader", "UnityShader", 0, 123, 0, 4, 33, 160
"c:\Users\15086\EntryJam2025\Assets\TextMesh Pro\Shaders\TMP_SDF.shader", "UnityShader", 0, 253, 0, 4, 70, 327
"c:\Users\15086\EntryJam2025\Assets\TextMesh Pro\Shaders\TMP_Sprite.shader", "UnityShader", 0, 111, 0, 0, 21, 132
"c:\Users\15086\EntryJam2025\Assets\TextMesh Pro\Shaders\TMPro.cginc", "UnityShader", 0, 63, 0, 2, 20, 85
"c:\Users\15086\EntryJam2025\Assets\TextMesh Pro\Shaders\TMPro_Mobile.cginc", "UnityShader", 0, 129, 0, 2, 35, 166
"c:\Users\15086\EntryJam2025\Assets\TextMesh Pro\Shaders\TMPro_Properties.cginc", "UnityShader", 0, 62, 0, 6, 13, 81
"c:\Users\15086\EntryJam2025\Assets\TextMesh Pro\Shaders\TMPro_Surface.cginc", "UnityShader", 0, 75, 0, 7, 18, 100
"c:\Users\15086\EntryJam2025\Assets\TextMesh Pro\Sprites\EmojiOne.json", "JSON", 0, 0, 155, 0, 2, 157
"Total", "-", 1779, 3002, 155, 223, 1204, 6363